{"atlas":{"type":"mtsdf","distanceRange":12,"distanceRangeMiddle":0,"size":64,"width":100,"height":100,"yOrigin":"bottom"},"metrics":{"emSize":1,"lineHeight":1.0900000000000001,"ascender":0.84999999999999998,"descender":-0.14999999999999999,"underlineY":0.01,"underlineThickness":0},"glyphs":[{"unicode":59403,"advance":1.333,"planeBounds":{"left":-0.098624999999999963,"bottom":-0.1640625,"right":1.432625,"top":0.9453125},"atlasBounds":{"left":0.5,"bottom":28.5,"right":98.5,"top":99.5}}],"kerning":[]}
