{"atlas":{"type":"mtsdf","distanceRange":10,"distanceRangeMiddle":0,"size":64,"width":152,"height":152,"yOrigin":"bottom"},"metrics":{"emSize":1,"lineHeight":1.08984375,"ascender":1,"descender":0,"underlineY":0.009765625,"underlineThickness":0},"glyphs":[{"unicode":65,"advance":1,"planeBounds":{"left":-0.0546875,"bottom":-0.0859375,"right":1.0546875,"top":1.0859375},"atlasBounds":{"left":0.5,"bottom":76.5,"right":71.5,"top":151.5}},{"unicode":66,"advance":1,"planeBounds":{"left":-0.03076171875,"bottom":-0.0859375,"right":1.03173828125,"top":1.0859375},"atlasBounds":{"left":0.5,"bottom":0.5,"right":68.5,"top":75.5}},{"unicode":67,"advance":1,"planeBounds":{"left":-0.07763671875,"bottom":-0.0859375,"right":1.07861328125,"top":1.0859375},"atlasBounds":{"left":72.5,"bottom":76.5,"right":146.5,"top":151.5}},{"unicode":68,"advance":1,"planeBounds":{"left":-0.072031753519335023,"bottom":-0.0703125,"right":1.0998432464806649,"top":1.0703125},"atlasBounds":{"left":69.5,"bottom":2.5,"right":144.5,"top":75.5}}],"kerning":[]}
